Name;Date;Views;Likes;Dislikes;Link;Pub_date;Episode
 x01 | CÃ³mo ser influencer;2020-03-15;2701;69;7;https://www.youtube.com/watch?v=l1CjJ4UJo-Q&list=PLeZfGBk92nGBjxFoHCIdllJN-jj0tAZd7&index=2&t=0s;2019-09-27; x01 
 x01 | CÃ³mo ser influencer;2020-03-16;2711;69;7;https://www.youtube.com/watch?v=l1CjJ4UJo-Q&list=PLeZfGBk92nGBjxFoHCIdllJN-jj0tAZd7&index=2&t=0s;2019-09-27; x01 
 x01 | CÃ³mo ser influencer;2020-03-17;2717;69;7;https://www.youtube.com/watch?v=l1CjJ4UJo-Q&list=PLeZfGBk92nGBjxFoHCIdllJN-jj0tAZd7&index=2&t=0s;2019-09-27; x01 
 x01 | CÃ³mo ser influencer;2020-03-20;2743;69;7;https://www.youtube.com/watch?v=l1CjJ4UJo-Q&list=PLeZfGBk92nGBjxFoHCIdllJN-jj0tAZd7&index=2&t=0s;2019-09-27; x01 
 x01 | CÃ³mo ser influencer;2020-03-21;2737;69;7;https://www.youtube.com/watch?v=l1CjJ4UJo-Q&list=PLeZfGBk92nGBjxFoHCIdllJN-jj0tAZd7&index=2&t=0s;2019-09-27; x01 
 x01 | CÃ³mo ser influencer;2020-03-23;2767;69;7;https://www.youtube.com/watch?v=l1CjJ4UJo-Q&list=PLeZfGBk92nGBjxFoHCIdllJN-jj0tAZd7&index=2&t=0s;2019-09-27; x01 
 x01 | CÃ³mo ser influencer;2020-03-24;2773;69;7;https://www.youtube.com/watch?v=l1CjJ4UJo-Q&list=PLeZfGBk92nGBjxFoHCIdllJN-jj0tAZd7&index=2&t=0s;2019-09-27; x01 
 x01 | CÃ³mo ser influencer;2020-03-28;2797;69;7;https://www.youtube.com/watch?v=l1CjJ4UJo-Q&list=PLeZfGBk92nGBjxFoHCIdllJN-jj0tAZd7&index=2&t=0s;2019-09-27; x01 
 x02 | CÃ³mo vivir de un blog de viajes;2020-03-15;1171;35;0;https://www.youtube.com/watch?v=mfnGYjq15SU&list=PLeZfGBk92nGBjxFoHCIdllJN-jj0tAZd7&index=3&t=0s;2019-10-04; x02 
 x02 | CÃ³mo vivir de un blog de viajes;2020-03-16;1173;36;0;https://www.youtube.com/watch?v=mfnGYjq15SU&list=PLeZfGBk92nGBjxFoHCIdllJN-jj0tAZd7&index=3&t=0s;2019-10-04; x02 
 x02 | CÃ³mo vivir de un blog de viajes;2020-03-17;1173;36;0;https://www.youtube.com/watch?v=mfnGYjq15SU&list=PLeZfGBk92nGBjxFoHCIdllJN-jj0tAZd7&index=3&t=0s;2019-10-04; x02 
 x02 | CÃ³mo vivir de un blog de viajes;2020-03-20;1176;36;0;https://www.youtube.com/watch?v=mfnGYjq15SU&list=PLeZfGBk92nGBjxFoHCIdllJN-jj0tAZd7&index=3&t=0s;2019-10-04; x02 
 x02 | CÃ³mo vivir de un blog de viajes;2020-03-21;1179;36;0;https://www.youtube.com/watch?v=mfnGYjq15SU&list=PLeZfGBk92nGBjxFoHCIdllJN-jj0tAZd7&index=3&t=0s;2019-10-04; x02 
 x02 | CÃ³mo vivir de un blog de viajes;2020-03-23;1179;36;0;https://www.youtube.com/watch?v=mfnGYjq15SU&list=PLeZfGBk92nGBjxFoHCIdllJN-jj0tAZd7&index=3&t=0s;2019-10-04; x02 
 x02 | CÃ³mo vivir de un blog de viajes;2020-03-24;1182;36;0;https://www.youtube.com/watch?v=mfnGYjq15SU&list=PLeZfGBk92nGBjxFoHCIdllJN-jj0tAZd7&index=3&t=0s;2019-10-04; x02 
 x02 | CÃ³mo vivir de un blog de viajes;2020-03-28;1184;36;0;https://www.youtube.com/watch?v=mfnGYjq15SU&list=PLeZfGBk92nGBjxFoHCIdllJN-jj0tAZd7&index=3&t=0s;2019-10-04; x02 
 x03 | CÃ³mo montar un catering ğŸ³ The Good Food Company;2020-03-15;689;19;4;https://www.youtube.com/watch?v=cnVvlY8NGz4&list=PLeZfGBk92nGBjxFoHCIdllJN-jj0tAZd7&index=4&t=0s;2019-10-11; x03 
 x03 | CÃ³mo montar un catering ğŸ³ The Good Food Company;2020-03-16;691;20;4;https://www.youtube.com/watch?v=cnVvlY8NGz4&list=PLeZfGBk92nGBjxFoHCIdllJN-jj0tAZd7&index=4&t=0s;2019-10-11; x03 
 x03 | CÃ³mo montar un catering ğŸ³ The Good Food Company;2020-03-17;691;20;4;https://www.youtube.com/watch?v=cnVvlY8NGz4&list=PLeZfGBk92nGBjxFoHCIdllJN-jj0tAZd7&index=4&t=0s;2019-10-11; x03 
 x03 | CÃ³mo montar un catering ğŸ³ The Good Food Company;2020-03-20;692;20;4;https://www.youtube.com/watch?v=cnVvlY8NGz4&list=PLeZfGBk92nGBjxFoHCIdllJN-jj0tAZd7&index=4&t=0s;2019-10-11; x03 
 x03 | CÃ³mo montar un catering ğŸ³ The Good Food Company;2020-03-21;692;20;4;https://www.youtube.com/watch?v=cnVvlY8NGz4&list=PLeZfGBk92nGBjxFoHCIdllJN-jj0tAZd7&index=4&t=0s;2019-10-11; x03 
 x03 | CÃ³mo montar un catering ğŸ³ The Good Food Company;2020-03-23;694;20;4;https://www.youtube.com/watch?v=cnVvlY8NGz4&list=PLeZfGBk92nGBjxFoHCIdllJN-jj0tAZd7&index=4&t=0s;2019-10-11; x03 
 x03 | CÃ³mo montar un catering ğŸ³ The Good Food Company;2020-03-24;695;20;4;https://www.youtube.com/watch?v=cnVvlY8NGz4&list=PLeZfGBk92nGBjxFoHCIdllJN-jj0tAZd7&index=4&t=0s;2019-10-11; x03 
 x03 | CÃ³mo montar un catering ğŸ³ The Good Food Company;2020-03-28;697;20;4;https://www.youtube.com/watch?v=cnVvlY8NGz4&list=PLeZfGBk92nGBjxFoHCIdllJN-jj0tAZd7&index=4&t=0s;2019-10-11; x03 
 x04 | CÃ³mo petarlo con una marca online âŒšğŸ›’ - C21BeBrave;2020-03-15;721;20;4;https://www.youtube.com/watch?v=S15P65ybukM&list=PLeZfGBk92nGBjxFoHCIdllJN-jj0tAZd7&index=5&t=0s;2019-10-18; x04 
 x04 | CÃ³mo petarlo con una marca online âŒšğŸ›’ - C21BeBrave;2020-03-16;724;21;4;https://www.youtube.com/watch?v=S15P65ybukM&list=PLeZfGBk92nGBjxFoHCIdllJN-jj0tAZd7&index=5&t=0s;2019-10-18; x04 
 x04 | CÃ³mo petarlo con una marca online âŒšğŸ›’ - C21BeBrave;2020-03-17;724;21;4;https://www.youtube.com/watch?v=S15P65ybukM&list=PLeZfGBk92nGBjxFoHCIdllJN-jj0tAZd7&index=5&t=0s;2019-10-18; x04 
 x04 | CÃ³mo petarlo con una marca online âŒšğŸ›’ - C21BeBrave;2020-03-20;725;21;4;https://www.youtube.com/watch?v=S15P65ybukM&list=PLeZfGBk92nGBjxFoHCIdllJN-jj0tAZd7&index=5&t=0s;2019-10-18; x04 
 x04 | CÃ³mo petarlo con una marca online âŒšğŸ›’ - C21BeBrave;2020-03-21;727;21;4;https://www.youtube.com/watch?v=S15P65ybukM&list=PLeZfGBk92nGBjxFoHCIdllJN-jj0tAZd7&index=5&t=0s;2019-10-18; x04 
 x04 | CÃ³mo petarlo con una marca online âŒšğŸ›’ - C21BeBrave;2020-03-23;728;21;4;https://www.youtube.com/watch?v=S15P65ybukM&list=PLeZfGBk92nGBjxFoHCIdllJN-jj0tAZd7&index=5&t=0s;2019-10-18; x04 
 x04 | CÃ³mo petarlo con una marca online âŒšğŸ›’ - C21BeBrave;2020-03-24;732;21;4;https://www.youtube.com/watch?v=S15P65ybukM&list=PLeZfGBk92nGBjxFoHCIdllJN-jj0tAZd7&index=5&t=0s;2019-10-18; x04 
 x04 | CÃ³mo petarlo con una marca online âŒšğŸ›’ - C21BeBrave;2020-03-28;739;21;4;https://www.youtube.com/watch?v=S15P65ybukM&list=PLeZfGBk92nGBjxFoHCIdllJN-jj0tAZd7&index=5&t=0s;2019-10-18; x04 
 x05 | Â¿Para quÃ© sirve un coach? ğŸ’ª ğŸ’¡ - Rocio Calatayud Coaching;2020-03-15;947;42;6;https://www.youtube.com/watch?v=NjZrFZUMp9o&list=PLeZfGBk92nGBjxFoHCIdllJN-jj0tAZd7&index=6&t=0s;2019-10-25; x05 
 x05 | Â¿Para quÃ© sirve un coach? ğŸ’ª ğŸ’¡ - Rocio Calatayud Coaching;2020-03-16;948;43;6;https://www.youtube.com/watch?v=NjZrFZUMp9o&list=PLeZfGBk92nGBjxFoHCIdllJN-jj0tAZd7&index=6&t=0s;2019-10-25; x05 
 x05 | Â¿Para quÃ© sirve un coach? ğŸ’ª ğŸ’¡ - Rocio Calatayud Coaching;2020-03-17;949;43;6;https://www.youtube.com/watch?v=NjZrFZUMp9o&list=PLeZfGBk92nGBjxFoHCIdllJN-jj0tAZd7&index=6&t=0s;2019-10-25; x05 
 x05 | Â¿Para quÃ© sirve un coach? ğŸ’ª ğŸ’¡ - Rocio Calatayud Coaching;2020-03-20;950;43;6;https://www.youtube.com/watch?v=NjZrFZUMp9o&list=PLeZfGBk92nGBjxFoHCIdllJN-jj0tAZd7&index=6&t=0s;2019-10-25; x05 
 x05 | Â¿Para quÃ© sirve un coach? ğŸ’ª ğŸ’¡ - Rocio Calatayud Coaching;2020-03-21;950;43;6;https://www.youtube.com/watch?v=NjZrFZUMp9o&list=PLeZfGBk92nGBjxFoHCIdllJN-jj0tAZd7&index=6&t=0s;2019-10-25; x05 
 x05 | Â¿Para quÃ© sirve un coach? ğŸ’ª ğŸ’¡ - Rocio Calatayud Coaching;2020-03-23;952;43;6;https://www.youtube.com/watch?v=NjZrFZUMp9o&list=PLeZfGBk92nGBjxFoHCIdllJN-jj0tAZd7&index=6&t=0s;2019-10-25; x05 
 x05 | Â¿Para quÃ© sirve un coach? ğŸ’ª ğŸ’¡ - Rocio Calatayud Coaching;2020-03-24;954;43;6;https://www.youtube.com/watch?v=NjZrFZUMp9o&list=PLeZfGBk92nGBjxFoHCIdllJN-jj0tAZd7&index=6&t=0s;2019-10-25; x05 
 x05 | Â¿Para quÃ© sirve un coach? ğŸ’ª ğŸ’¡ - Rocio Calatayud Coaching;2020-03-28;956;43;6;https://www.youtube.com/watch?v=NjZrFZUMp9o&list=PLeZfGBk92nGBjxFoHCIdllJN-jj0tAZd7&index=6&t=0s;2019-10-25; x05 
 x06 | Â¿CÃ³mo crear una app que cambie el mundo  ğŸ“±ğŸ¾   Playtomic;2020-03-15;483;24;1;https://www.youtube.com/watch?v=7wdFZk2yHoc&list=PLeZfGBk92nGBjxFoHCIdllJN-jj0tAZd7&index=7&t=0s;2019-11-01; x06 
 x06 | Â¿CÃ³mo crear una app que cambie el mundo  ğŸ“±ğŸ¾   Playtomic;2020-03-16;484;25;1;https://www.youtube.com/watch?v=7wdFZk2yHoc&list=PLeZfGBk92nGBjxFoHCIdllJN-jj0tAZd7&index=7&t=0s;2019-11-01; x06 
 x06 | Â¿CÃ³mo crear una app que cambie el mundo  ğŸ“±ğŸ¾   Playtomic;2020-03-17;484;25;1;https://www.youtube.com/watch?v=7wdFZk2yHoc&list=PLeZfGBk92nGBjxFoHCIdllJN-jj0tAZd7&index=7&t=0s;2019-11-01; x06 
 x06 | Â¿CÃ³mo crear una app que cambie el mundo  ğŸ“±ğŸ¾   Playtomic;2020-03-20;485;25;1;https://www.youtube.com/watch?v=7wdFZk2yHoc&list=PLeZfGBk92nGBjxFoHCIdllJN-jj0tAZd7&index=7&t=0s;2019-11-01; x06 
 x06 | Â¿CÃ³mo crear una app que cambie el mundo  ğŸ“±ğŸ¾   Playtomic;2020-03-21;485;25;1;https://www.youtube.com/watch?v=7wdFZk2yHoc&list=PLeZfGBk92nGBjxFoHCIdllJN-jj0tAZd7&index=7&t=0s;2019-11-01; x06 
 x06 | Â¿CÃ³mo crear una app que cambie el mundo  ğŸ“±ğŸ¾   Playtomic;2020-03-23;486;25;1;https://www.youtube.com/watch?v=7wdFZk2yHoc&list=PLeZfGBk92nGBjxFoHCIdllJN-jj0tAZd7&index=7&t=0s;2019-11-01; x06 
 x06 | Â¿CÃ³mo crear una app que cambie el mundo  ğŸ“±ğŸ¾   Playtomic;2020-03-24;487;25;1;https://www.youtube.com/watch?v=7wdFZk2yHoc&list=PLeZfGBk92nGBjxFoHCIdllJN-jj0tAZd7&index=7&t=0s;2019-11-01; x06 
 x06 | Â¿CÃ³mo crear una app que cambie el mundo  ğŸ“±ğŸ¾   Playtomic;2020-03-28;490;25;1;https://www.youtube.com/watch?v=7wdFZk2yHoc&list=PLeZfGBk92nGBjxFoHCIdllJN-jj0tAZd7&index=7&t=0s;2019-11-01; x06 
 x07 | Â¿CÃ³mo trabajar en cine? De banquero a cineasta ğŸ‘¨â€ğŸ’¼ğŸ¥ â€“ Diego Trenas;2020-03-15;844;33;1;https://www.youtube.com/watch?v=dWgsbBlZzYw&list=PLeZfGBk92nGBjxFoHCIdllJN-jj0tAZd7&index=8&t=0s;2019-11-08; x07 
 x07 | Â¿CÃ³mo trabajar en cine? De banquero a cineasta ğŸ‘¨â€ğŸ’¼ğŸ¥ â€“ Diego Trenas;2020-03-16;845;34;1;https://www.youtube.com/watch?v=dWgsbBlZzYw&list=PLeZfGBk92nGBjxFoHCIdllJN-jj0tAZd7&index=8&t=0s;2019-11-08; x07 
 x07 | Â¿CÃ³mo trabajar en cine? De banquero a cineasta ğŸ‘¨â€ğŸ’¼ğŸ¥ â€“ Diego Trenas;2020-03-17;846;34;1;https://www.youtube.com/watch?v=dWgsbBlZzYw&list=PLeZfGBk92nGBjxFoHCIdllJN-jj0tAZd7&index=8&t=0s;2019-11-08; x07 
 x07 | Â¿CÃ³mo trabajar en cine? De banquero a cineasta ğŸ‘¨â€ğŸ’¼ğŸ¥ â€“ Diego Trenas;2020-03-20;846;34;1;https://www.youtube.com/watch?v=dWgsbBlZzYw&list=PLeZfGBk92nGBjxFoHCIdllJN-jj0tAZd7&index=8&t=0s;2019-11-08; x07 
 x07 | Â¿CÃ³mo trabajar en cine? De banquero a cineasta ğŸ‘¨â€ğŸ’¼ğŸ¥ â€“ Diego Trenas;2020-03-21;846;34;1;https://www.youtube.com/watch?v=dWgsbBlZzYw&list=PLeZfGBk92nGBjxFoHCIdllJN-jj0tAZd7&index=8&t=0s;2019-11-08; x07 
 x07 | Â¿CÃ³mo trabajar en cine? De banquero a cineasta ğŸ‘¨â€ğŸ’¼ğŸ¥ â€“ Diego Trenas;2020-03-24;848;34;1;https://www.youtube.com/watch?v=dWgsbBlZzYw&list=PLeZfGBk92nGBjxFoHCIdllJN-jj0tAZd7&index=8&t=0s;2019-11-08; x07 
 x07 | Â¿CÃ³mo trabajar en cine? De banquero a cineasta ğŸ‘¨â€ğŸ’¼ğŸ¥ â€“ Diego Trenas;2020-03-28;851;34;1;https://www.youtube.com/watch?v=dWgsbBlZzYw&list=PLeZfGBk92nGBjxFoHCIdllJN-jj0tAZd7&index=8&t=0s;2019-11-08; x07 
 x08 | New York Burger, la hamburguesa gourmet mÃ¡s autÃ©ntica ğŸ½ ğŸ”;2020-03-15;882;26;1;https://www.youtube.com/watch?v=BFMoXcJ9TeA&list=PLeZfGBk92nGBjxFoHCIdllJN-jj0tAZd7&index=9&t=0s;2019-11-15; x08 
 x08 | New York Burger, la hamburguesa gourmet mÃ¡s autÃ©ntica ğŸ½ ğŸ”;2020-03-16;883;26;1;https://www.youtube.com/watch?v=BFMoXcJ9TeA&list=PLeZfGBk92nGBjxFoHCIdllJN-jj0tAZd7&index=9&t=0s;2019-11-15; x08 
 x08 | New York Burger, la hamburguesa gourmet mÃ¡s autÃ©ntica ğŸ½ ğŸ”;2020-03-17;885;26;1;https://www.youtube.com/watch?v=BFMoXcJ9TeA&list=PLeZfGBk92nGBjxFoHCIdllJN-jj0tAZd7&index=9&t=0s;2019-11-15; x08 
 x08 | New York Burger, la hamburguesa gourmet mÃ¡s autÃ©ntica ğŸ½ ğŸ”;2020-03-20;892;26;1;https://www.youtube.com/watch?v=BFMoXcJ9TeA&list=PLeZfGBk92nGBjxFoHCIdllJN-jj0tAZd7&index=9&t=0s;2019-11-15; x08 
 x08 | New York Burger, la hamburguesa gourmet mÃ¡s autÃ©ntica ğŸ½ ğŸ”;2020-03-21;892;26;1;https://www.youtube.com/watch?v=BFMoXcJ9TeA&list=PLeZfGBk92nGBjxFoHCIdllJN-jj0tAZd7&index=9&t=0s;2019-11-15; x08 
 x08 | New York Burger, la hamburguesa gourmet mÃ¡s autÃ©ntica ğŸ½ ğŸ”;2020-03-23;895;26;1;https://www.youtube.com/watch?v=BFMoXcJ9TeA&list=PLeZfGBk92nGBjxFoHCIdllJN-jj0tAZd7&index=9&t=0s;2019-11-15; x08 
 x08 | New York Burger, la hamburguesa gourmet mÃ¡s autÃ©ntica ğŸ½ ğŸ”;2020-03-24;895;26;1;https://www.youtube.com/watch?v=BFMoXcJ9TeA&list=PLeZfGBk92nGBjxFoHCIdllJN-jj0tAZd7&index=9&t=0s;2019-11-15; x08 
 x08 | New York Burger, la hamburguesa gourmet mÃ¡s autÃ©ntica ğŸ½ ğŸ”;2020-03-28;900;26;1;https://www.youtube.com/watch?v=BFMoXcJ9TeA&list=PLeZfGBk92nGBjxFoHCIdllJN-jj0tAZd7&index=9&t=0s;2019-11-15; x08 
 x09 | El Google de la Moda ğŸ”ğŸ‘— - Drestip;2020-03-15;598;20;4;https://www.youtube.com/watch?v=eJSGpHjJxQY&list=PLeZfGBk92nGBjxFoHCIdllJN-jj0tAZd7&index=10&t=0s;2019-11-22; x09 
 x09 | El Google de la Moda ğŸ”ğŸ‘— - Drestip;2020-03-16;599;21;4;https://www.youtube.com/watch?v=eJSGpHjJxQY&list=PLeZfGBk92nGBjxFoHCIdllJN-jj0tAZd7&index=10&t=0s;2019-11-22; x09 
 x09 | El Google de la Moda ğŸ”ğŸ‘— - Drestip;2020-03-17;599;21;4;https://www.youtube.com/watch?v=eJSGpHjJxQY&list=PLeZfGBk92nGBjxFoHCIdllJN-jj0tAZd7&index=10&t=0s;2019-11-22; x09 
 x09 | El Google de la Moda ğŸ”ğŸ‘— - Drestip;2020-03-20;600;21;4;https://www.youtube.com/watch?v=eJSGpHjJxQY&list=PLeZfGBk92nGBjxFoHCIdllJN-jj0tAZd7&index=10&t=0s;2019-11-22; x09 
 x09 | El Google de la Moda ğŸ”ğŸ‘— - Drestip;2020-03-21;601;21;4;https://www.youtube.com/watch?v=eJSGpHjJxQY&list=PLeZfGBk92nGBjxFoHCIdllJN-jj0tAZd7&index=10&t=0s;2019-11-22; x09 
 x09 | El Google de la Moda ğŸ”ğŸ‘— - Drestip;2020-03-23;603;21;4;https://www.youtube.com/watch?v=eJSGpHjJxQY&list=PLeZfGBk92nGBjxFoHCIdllJN-jj0tAZd7&index=10&t=0s;2019-11-22; x09 
 x09 | El Google de la Moda ğŸ”ğŸ‘— - Drestip;2020-03-24;603;21;4;https://www.youtube.com/watch?v=eJSGpHjJxQY&list=PLeZfGBk92nGBjxFoHCIdllJN-jj0tAZd7&index=10&t=0s;2019-11-22; x09 
 x09 | El Google de la Moda ğŸ”ğŸ‘— - Drestip;2020-03-28;604;21;4;https://www.youtube.com/watch?v=eJSGpHjJxQY&list=PLeZfGBk92nGBjxFoHCIdllJN-jj0tAZd7&index=10&t=0s;2019-11-22; x09 
 x10 | De periodista a empresario â€“ la historia de Tipi Tent  ğŸ“°ğŸ‘•;2020-03-15;1344;23;4;https://www.youtube.com/watch?v=NT4vJBxhgsg&list=PLeZfGBk92nGBjxFoHCIdllJN-jj0tAZd7&index=11&t=0s;2019-11-29; x10 
 x10 | De periodista a empresario â€“ la historia de Tipi Tent  ğŸ“°ğŸ‘•;2020-03-16;1346;24;4;https://www.youtube.com/watch?v=NT4vJBxhgsg&list=PLeZfGBk92nGBjxFoHCIdllJN-jj0tAZd7&index=11&t=0s;2019-11-29; x10 
 x10 | De periodista a empresario â€“ la historia de Tipi Tent  ğŸ“°ğŸ‘•;2020-03-17;1346;24;4;https://www.youtube.com/watch?v=NT4vJBxhgsg&list=PLeZfGBk92nGBjxFoHCIdllJN-jj0tAZd7&index=11&t=0s;2019-11-29; x10 
 x10 | De periodista a empresario â€“ la historia de Tipi Tent  ğŸ“°ğŸ‘•;2020-03-20;1352;24;4;https://www.youtube.com/watch?v=NT4vJBxhgsg&list=PLeZfGBk92nGBjxFoHCIdllJN-jj0tAZd7&index=11&t=0s;2019-11-29; x10 
 x10 | De periodista a empresario â€“ la historia de Tipi Tent  ğŸ“°ğŸ‘•;2020-03-21;1352;24;4;https://www.youtube.com/watch?v=NT4vJBxhgsg&list=PLeZfGBk92nGBjxFoHCIdllJN-jj0tAZd7&index=11&t=0s;2019-11-29; x10 
 x10 | De periodista a empresario â€“ la historia de Tipi Tent  ğŸ“°ğŸ‘•;2020-03-23;1353;24;4;https://www.youtube.com/watch?v=NT4vJBxhgsg&list=PLeZfGBk92nGBjxFoHCIdllJN-jj0tAZd7&index=11&t=0s;2019-11-29; x10 
 x10 | De periodista a empresario â€“ la historia de Tipi Tent  ğŸ“°ğŸ‘•;2020-03-24;1358;24;4;https://www.youtube.com/watch?v=NT4vJBxhgsg&list=PLeZfGBk92nGBjxFoHCIdllJN-jj0tAZd7&index=11&t=0s;2019-11-29; x10 
 x10 | De periodista a empresario â€“ la historia de Tipi Tent  ğŸ“°ğŸ‘•;2020-03-28;1369;24;4;https://www.youtube.com/watch?v=NT4vJBxhgsg&list=PLeZfGBk92nGBjxFoHCIdllJN-jj0tAZd7&index=11&t=0s;2019-11-29; x10 
 x11 | La peluquerÃ­a mÃ¡s transgresora de Madrid â€“ Corta Cabeza ğŸ’‡ğŸ’‡ğŸ¾â€â™‚ï¸;2020-03-15;453;15;2;https://www.youtube.com/watch?v=mx4bscI0zaI&list=PLeZfGBk92nGBjxFoHCIdllJN-jj0tAZd7&index=12&t=0s;2019-12-03; x11 
 x11 | La peluquerÃ­a mÃ¡s transgresora de Madrid â€“ Corta Cabeza ğŸ’‡ğŸ’‡ğŸ¾â€â™‚ï¸;2020-03-16;455;16;2;https://www.youtube.com/watch?v=mx4bscI0zaI&list=PLeZfGBk92nGBjxFoHCIdllJN-jj0tAZd7&index=12&t=0s;2019-12-03; x11 
 x11 | La peluquerÃ­a mÃ¡s transgresora de Madrid â€“ Corta Cabeza ğŸ’‡ğŸ’‡ğŸ¾â€â™‚ï¸;2020-03-17;455;16;2;https://www.youtube.com/watch?v=mx4bscI0zaI&list=PLeZfGBk92nGBjxFoHCIdllJN-jj0tAZd7&index=12&t=0s;2019-12-03; x11 
 x11 | La peluquerÃ­a mÃ¡s transgresora de Madrid â€“ Corta Cabeza ğŸ’‡ğŸ’‡ğŸ¾â€â™‚ï¸;2020-03-20;455;16;2;https://www.youtube.com/watch?v=mx4bscI0zaI&list=PLeZfGBk92nGBjxFoHCIdllJN-jj0tAZd7&index=12&t=0s;2019-12-03; x11 
 x11 | La peluquerÃ­a mÃ¡s transgresora de Madrid â€“ Corta Cabeza ğŸ’‡ğŸ’‡ğŸ¾â€â™‚ï¸;2020-03-21;455;16;2;https://www.youtube.com/watch?v=mx4bscI0zaI&list=PLeZfGBk92nGBjxFoHCIdllJN-jj0tAZd7&index=12&t=0s;2019-12-03; x11 
 x11 | La peluquerÃ­a mÃ¡s transgresora de Madrid â€“ Corta Cabeza ğŸ’‡ğŸ’‡ğŸ¾â€â™‚ï¸;2020-03-23;455;16;2;https://www.youtube.com/watch?v=mx4bscI0zaI&list=PLeZfGBk92nGBjxFoHCIdllJN-jj0tAZd7&index=12&t=0s;2019-12-03; x11 
 x11 | La peluquerÃ­a mÃ¡s transgresora de Madrid â€“ Corta Cabeza ğŸ’‡ğŸ’‡ğŸ¾â€â™‚ï¸;2020-03-24;455;16;2;https://www.youtube.com/watch?v=mx4bscI0zaI&list=PLeZfGBk92nGBjxFoHCIdllJN-jj0tAZd7&index=12&t=0s;2019-12-03; x11 
 x11 | La peluquerÃ­a mÃ¡s transgresora de Madrid â€“ Corta Cabeza ğŸ’‡ğŸ’‡ğŸ¾â€â™‚ï¸;2020-03-28;459;16;2;https://www.youtube.com/watch?v=mx4bscI0zaI&list=PLeZfGBk92nGBjxFoHCIdllJN-jj0tAZd7&index=12&t=0s;2019-12-03; x11 
 x12 | Salvar el mundo botella a botella - Taiti Agua ğŸš°â™»ï¸;2020-03-15;417;14;2;https://www.youtube.com/watch?v=6GbPxXueKFA&list=PLeZfGBk92nGBjxFoHCIdllJN-jj0tAZd7&index=13&t=0s;2019-12-06; x12 
 x12 | Salvar el mundo botella a botella - Taiti Agua ğŸš°â™»ï¸;2020-03-16;418;15;2;https://www.youtube.com/watch?v=6GbPxXueKFA&list=PLeZfGBk92nGBjxFoHCIdllJN-jj0tAZd7&index=13&t=0s;2019-12-06; x12 
 x12 | Salvar el mundo botella a botella - Taiti Agua ğŸš°â™»ï¸;2020-03-17;419;15;2;https://www.youtube.com/watch?v=6GbPxXueKFA&list=PLeZfGBk92nGBjxFoHCIdllJN-jj0tAZd7&index=13&t=0s;2019-12-06; x12 
 x12 | Salvar el mundo botella a botella - Taiti Agua ğŸš°â™»ï¸;2020-03-20;419;15;2;https://www.youtube.com/watch?v=6GbPxXueKFA&list=PLeZfGBk92nGBjxFoHCIdllJN-jj0tAZd7&index=13&t=0s;2019-12-06; x12 
 x12 | Salvar el mundo botella a botella - Taiti Agua ğŸš°â™»ï¸;2020-03-21;419;15;2;https://www.youtube.com/watch?v=6GbPxXueKFA&list=PLeZfGBk92nGBjxFoHCIdllJN-jj0tAZd7&index=13&t=0s;2019-12-06; x12 
 x12 | Salvar el mundo botella a botella - Taiti Agua ğŸš°â™»ï¸;2020-03-23;420;15;2;https://www.youtube.com/watch?v=6GbPxXueKFA&list=PLeZfGBk92nGBjxFoHCIdllJN-jj0tAZd7&index=13&t=0s;2019-12-06; x12 
 x12 | Salvar el mundo botella a botella - Taiti Agua ğŸš°â™»ï¸;2020-03-24;422;15;2;https://www.youtube.com/watch?v=6GbPxXueKFA&list=PLeZfGBk92nGBjxFoHCIdllJN-jj0tAZd7&index=13&t=0s;2019-12-06; x12 
 x12 | Salvar el mundo botella a botella - Taiti Agua ğŸš°â™»ï¸;2020-03-28;425;15;2;https://www.youtube.com/watch?v=6GbPxXueKFA&list=PLeZfGBk92nGBjxFoHCIdllJN-jj0tAZd7&index=13&t=0s;2019-12-06; x12 
 x13 | Richard Vaughan - Piensa BIEN y acertarÃ¡s ğŸ“šğŸ‘¨â€ğŸ«;2020-03-15;970;40;2;https://www.youtube.com/watch?v=JNuMdBro3Xg&list=PLeZfGBk92nGBjxFoHCIdllJN-jj0tAZd7&index=14&t=0s;2019-12-13; x13 
 x13 | Richard Vaughan - Piensa BIEN y acertarÃ¡s ğŸ“šğŸ‘¨â€ğŸ«;2020-03-16;971;41;2;https://www.youtube.com/watch?v=JNuMdBro3Xg&list=PLeZfGBk92nGBjxFoHCIdllJN-jj0tAZd7&index=14&t=0s;2019-12-13; x13 
 x13 | Richard Vaughan - Piensa BIEN y acertarÃ¡s ğŸ“šğŸ‘¨â€ğŸ«;2020-03-17;974;41;2;https://www.youtube.com/watch?v=JNuMdBro3Xg&list=PLeZfGBk92nGBjxFoHCIdllJN-jj0tAZd7&index=14&t=0s;2019-12-13; x13 
 x13 | Richard Vaughan - Piensa BIEN y acertarÃ¡s ğŸ“šğŸ‘¨â€ğŸ«;2020-03-20;974;41;2;https://www.youtube.com/watch?v=JNuMdBro3Xg&list=PLeZfGBk92nGBjxFoHCIdllJN-jj0tAZd7&index=14&t=0s;2019-12-13; x13 
 x13 | Richard Vaughan - Piensa BIEN y acertarÃ¡s ğŸ“šğŸ‘¨â€ğŸ«;2020-03-21;975;41;2;https://www.youtube.com/watch?v=JNuMdBro3Xg&list=PLeZfGBk92nGBjxFoHCIdllJN-jj0tAZd7&index=14&t=0s;2019-12-13; x13 
 x13 | Richard Vaughan - Piensa BIEN y acertarÃ¡s ğŸ“šğŸ‘¨â€ğŸ«;2020-03-23;977;41;2;https://www.youtube.com/watch?v=JNuMdBro3Xg&list=PLeZfGBk92nGBjxFoHCIdllJN-jj0tAZd7&index=14&t=0s;2019-12-13; x13 
 x13 | Richard Vaughan - Piensa BIEN y acertarÃ¡s ğŸ“šğŸ‘¨â€ğŸ«;2020-03-24;978;41;2;https://www.youtube.com/watch?v=JNuMdBro3Xg&list=PLeZfGBk92nGBjxFoHCIdllJN-jj0tAZd7&index=14&t=0s;2019-12-13; x13 
 x13 | Richard Vaughan - Piensa BIEN y acertarÃ¡s ğŸ“šğŸ‘¨â€ğŸ«;2020-03-28;982;41;2;https://www.youtube.com/watch?v=JNuMdBro3Xg&list=PLeZfGBk92nGBjxFoHCIdllJN-jj0tAZd7&index=14&t=0s;2019-12-13; x13 
 |  Kaco Forns - De consultorÃ­a de mÃ¡rketing a cÃ³mico y guionista ğŸ‘¨â€ğŸ’¼ğŸ¤;2020-03-15;1272;36;4;https://www.youtube.com/watch?v=132UKoziVeE&list=PLeZfGBk92nGBjxFoHCIdllJN-jj0tAZd7&index=15&t=0s;2019-12-20; 
 |  Kaco Forns - De consultorÃ­a de mÃ¡rketing a cÃ³mico y guionista ğŸ‘¨â€ğŸ’¼ğŸ¤;2020-03-16;1273;37;4;https://www.youtube.com/watch?v=132UKoziVeE&list=PLeZfGBk92nGBjxFoHCIdllJN-jj0tAZd7&index=15&t=0s;2019-12-20; 
 |  Kaco Forns - De consultorÃ­a de mÃ¡rketing a cÃ³mico y guionista ğŸ‘¨â€ğŸ’¼ğŸ¤;2020-03-17;1273;37;4;https://www.youtube.com/watch?v=132UKoziVeE&list=PLeZfGBk92nGBjxFoHCIdllJN-jj0tAZd7&index=15&t=0s;2019-12-20; 
 |  Kaco Forns - De consultorÃ­a de mÃ¡rketing a cÃ³mico y guionista ğŸ‘¨â€ğŸ’¼ğŸ¤;2020-03-20;1274;37;4;https://www.youtube.com/watch?v=132UKoziVeE&list=PLeZfGBk92nGBjxFoHCIdllJN-jj0tAZd7&index=15&t=0s;2019-12-20; 
 |  Kaco Forns - De consultorÃ­a de mÃ¡rketing a cÃ³mico y guionista ğŸ‘¨â€ğŸ’¼ğŸ¤;2020-03-21;1274;37;4;https://www.youtube.com/watch?v=132UKoziVeE&list=PLeZfGBk92nGBjxFoHCIdllJN-jj0tAZd7&index=15&t=0s;2019-12-20; 
 |  Kaco Forns - De consultorÃ­a de mÃ¡rketing a cÃ³mico y guionista ğŸ‘¨â€ğŸ’¼ğŸ¤;2020-03-23;1275;37;4;https://www.youtube.com/watch?v=132UKoziVeE&list=PLeZfGBk92nGBjxFoHCIdllJN-jj0tAZd7&index=15&t=0s;2019-12-20; 
 |  Kaco Forns - De consultorÃ­a de mÃ¡rketing a cÃ³mico y guionista ğŸ‘¨â€ğŸ’¼ğŸ¤;2020-03-24;1276;37;4;https://www.youtube.com/watch?v=132UKoziVeE&list=PLeZfGBk92nGBjxFoHCIdllJN-jj0tAZd7&index=15&t=0s;2019-12-20; 
 |  Kaco Forns - De consultorÃ­a de mÃ¡rketing a cÃ³mico y guionista ğŸ‘¨â€ğŸ’¼ğŸ¤;2020-03-28;1279;37;4;https://www.youtube.com/watch?v=132UKoziVeE&list=PLeZfGBk92nGBjxFoHCIdllJN-jj0tAZd7&index=15&t=0s;2019-12-20; 
 x15 | El segundo producto mÃ¡s pedido en Glovo â€“ Manolo Bakes ğŸ¥ğŸ›µ;2020-03-15;1096;33;9;https://www.youtube.com/watch?v=E6DGJx8P150&list=PLeZfGBk92nGBjxFoHCIdllJN-jj0tAZd7&index=16&t=0s;2019-12-27; x15 
 x15 | El segundo producto mÃ¡s pedido en Glovo â€“ Manolo Bakes ğŸ¥ğŸ›µ;2020-03-16;1099;34;9;https://www.youtube.com/watch?v=E6DGJx8P150&list=PLeZfGBk92nGBjxFoHCIdllJN-jj0tAZd7&index=16&t=0s;2019-12-27; x15 
 x15 | El segundo producto mÃ¡s pedido en Glovo â€“ Manolo Bakes ğŸ¥ğŸ›µ;2020-03-17;1103;34;9;https://www.youtube.com/watch?v=E6DGJx8P150&list=PLeZfGBk92nGBjxFoHCIdllJN-jj0tAZd7&index=16&t=0s;2019-12-27; x15 
 x15 | El segundo producto mÃ¡s pedido en Glovo â€“ Manolo Bakes ğŸ¥ğŸ›µ;2020-03-20;1107;34;9;https://www.youtube.com/watch?v=E6DGJx8P150&list=PLeZfGBk92nGBjxFoHCIdllJN-jj0tAZd7&index=16&t=0s;2019-12-27; x15 
 x15 | El segundo producto mÃ¡s pedido en Glovo â€“ Manolo Bakes ğŸ¥ğŸ›µ;2020-03-21;1108;34;9;https://www.youtube.com/watch?v=E6DGJx8P150&list=PLeZfGBk92nGBjxFoHCIdllJN-jj0tAZd7&index=16&t=0s;2019-12-27; x15 
 x15 | El segundo producto mÃ¡s pedido en Glovo â€“ Manolo Bakes ğŸ¥ğŸ›µ;2020-03-23;1111;34;9;https://www.youtube.com/watch?v=E6DGJx8P150&list=PLeZfGBk92nGBjxFoHCIdllJN-jj0tAZd7&index=16&t=0s;2019-12-27; x15 
 x15 | El segundo producto mÃ¡s pedido en Glovo â€“ Manolo Bakes ğŸ¥ğŸ›µ;2020-03-28;1119;34;9;https://www.youtube.com/watch?v=E6DGJx8P150&list=PLeZfGBk92nGBjxFoHCIdllJN-jj0tAZd7&index=16&t=0s;2019-12-27; x15 
 x16 | Â¿CÃ³mo vivir de tu hobby? â€“ Carmen de la Cerda Platos ğŸ¨ ğŸ½ï¸;2020-03-15;738;25;3;https://www.youtube.com/watch?v=LmYeISYKkMM&list=PLeZfGBk92nGBjxFoHCIdllJN-jj0tAZd7&index=17&t=0s;2020-01-03; x16 
 x16 | Â¿CÃ³mo vivir de tu hobby? â€“ Carmen de la Cerda Platos ğŸ¨ ğŸ½ï¸;2020-03-16;741;26;3;https://www.youtube.com/watch?v=LmYeISYKkMM&list=PLeZfGBk92nGBjxFoHCIdllJN-jj0tAZd7&index=17&t=0s;2020-01-03; x16 
 x16 | Â¿CÃ³mo vivir de tu hobby? â€“ Carmen de la Cerda Platos ğŸ¨ ğŸ½ï¸;2020-03-17;741;26;3;https://www.youtube.com/watch?v=LmYeISYKkMM&list=PLeZfGBk92nGBjxFoHCIdllJN-jj0tAZd7&index=17&t=0s;2020-01-03; x16 
 x16 | Â¿CÃ³mo vivir de tu hobby? â€“ Carmen de la Cerda Platos ğŸ¨ ğŸ½ï¸;2020-03-20;741;26;3;https://www.youtube.com/watch?v=LmYeISYKkMM&list=PLeZfGBk92nGBjxFoHCIdllJN-jj0tAZd7&index=17&t=0s;2020-01-03; x16 
 x16 | Â¿CÃ³mo vivir de tu hobby? â€“ Carmen de la Cerda Platos ğŸ¨ ğŸ½ï¸;2020-03-21;741;26;3;https://www.youtube.com/watch?v=LmYeISYKkMM&list=PLeZfGBk92nGBjxFoHCIdllJN-jj0tAZd7&index=17&t=0s;2020-01-03; x16 
 x16 | Â¿CÃ³mo vivir de tu hobby? â€“ Carmen de la Cerda Platos ğŸ¨ ğŸ½ï¸;2020-03-23;741;26;3;https://www.youtube.com/watch?v=LmYeISYKkMM&list=PLeZfGBk92nGBjxFoHCIdllJN-jj0tAZd7&index=17&t=0s;2020-01-03; x16 
 x16 | Â¿CÃ³mo vivir de tu hobby? â€“ Carmen de la Cerda Platos ğŸ¨ ğŸ½ï¸;2020-03-24;742;26;3;https://www.youtube.com/watch?v=LmYeISYKkMM&list=PLeZfGBk92nGBjxFoHCIdllJN-jj0tAZd7&index=17&t=0s;2020-01-03; x16 
 x16 | Â¿CÃ³mo vivir de tu hobby? â€“ Carmen de la Cerda Platos ğŸ¨ ğŸ½ï¸;2020-03-28;744;26;3;https://www.youtube.com/watch?v=LmYeISYKkMM&list=PLeZfGBk92nGBjxFoHCIdllJN-jj0tAZd7&index=17&t=0s;2020-01-03; x16 
 x17 | Too Good to Go - La app con la que salvas comida y ahorras ğŸ—ğŸ“±;2020-03-15;526;13;3;https://www.youtube.com/watch?v=6mAULKCRJdE&list=PLeZfGBk92nGBjxFoHCIdllJN-jj0tAZd7&index=18&t=0s;2020-01-10; x17 
 x17 | Too Good to Go - La app con la que salvas comida y ahorras ğŸ—ğŸ“±;2020-03-16;529;14;3;https://www.youtube.com/watch?v=6mAULKCRJdE&list=PLeZfGBk92nGBjxFoHCIdllJN-jj0tAZd7&index=18&t=0s;2020-01-10; x17 
 x17 | Too Good to Go - La app con la que salvas comida y ahorras ğŸ—ğŸ“±;2020-03-17;529;14;3;https://www.youtube.com/watch?v=6mAULKCRJdE&list=PLeZfGBk92nGBjxFoHCIdllJN-jj0tAZd7&index=18&t=0s;2020-01-10; x17 
 x17 | Too Good to Go - La app con la que salvas comida y ahorras ğŸ—ğŸ“±;2020-03-20;530;14;3;https://www.youtube.com/watch?v=6mAULKCRJdE&list=PLeZfGBk92nGBjxFoHCIdllJN-jj0tAZd7&index=18&t=0s;2020-01-10; x17 
 x17 | Too Good to Go - La app con la que salvas comida y ahorras ğŸ—ğŸ“±;2020-03-21;531;14;3;https://www.youtube.com/watch?v=6mAULKCRJdE&list=PLeZfGBk92nGBjxFoHCIdllJN-jj0tAZd7&index=18&t=0s;2020-01-10; x17 
 x17 | Too Good to Go - La app con la que salvas comida y ahorras ğŸ—ğŸ“±;2020-03-23;531;14;3;https://www.youtube.com/watch?v=6mAULKCRJdE&list=PLeZfGBk92nGBjxFoHCIdllJN-jj0tAZd7&index=18&t=0s;2020-01-10; x17 
 x17 | Too Good to Go - La app con la que salvas comida y ahorras ğŸ—ğŸ“±;2020-03-24;532;14;3;https://www.youtube.com/watch?v=6mAULKCRJdE&list=PLeZfGBk92nGBjxFoHCIdllJN-jj0tAZd7&index=18&t=0s;2020-01-10; x17 
 x17 | Too Good to Go - La app con la que salvas comida y ahorras ğŸ—ğŸ“±;2020-03-24;532;14;3;https://www.youtube.com/watch?v=6mAULKCRJdE&list=PLeZfGBk92nGBjxFoHCIdllJN-jj0tAZd7&index=18&t=0s;2020-01-10; x17 
 x17 | Too Good to Go - La app con la que salvas comida y ahorras ğŸ—ğŸ“±;2020-03-24;532;14;3;https://www.youtube.com/watch?v=6mAULKCRJdE&list=PLeZfGBk92nGBjxFoHCIdllJN-jj0tAZd7&index=18&t=0s;2020-01-10; x17 
 x17 | Too Good to Go - La app con la que salvas comida y ahorras ğŸ—ğŸ“±;2020-03-24;532;14;3;https://www.youtube.com/watch?v=6mAULKCRJdE&list=PLeZfGBk92nGBjxFoHCIdllJN-jj0tAZd7&index=18&t=0s;2020-01-10; x17 
 x17 | Too Good to Go - La app con la que salvas comida y ahorras ğŸ—ğŸ“±;2020-03-28;535;14;3;https://www.youtube.com/watch?v=6mAULKCRJdE&list=PLeZfGBk92nGBjxFoHCIdllJN-jj0tAZd7&index=18&t=0s;2020-01-10; x17 
 x18 | Santi AlverÃº â€“ Emprendedor, nominado a un Goya, cÃ³mico, crÃ­tico de cineâ€¦ ğŸ­ âœï¸;2020-03-15;776;22;4;https://www.youtube.com/watch?v=5_LcnHOuG24&list=PLeZfGBk92nGBjxFoHCIdllJN-jj0tAZd7&index=19&t=0s;2020-01-17; x18 
 x18 | Santi AlverÃº â€“ Emprendedor, nominado a un Goya, cÃ³mico, crÃ­tico de cineâ€¦ ğŸ­ âœï¸;2020-03-16;778;23;4;https://www.youtube.com/watch?v=5_LcnHOuG24&list=PLeZfGBk92nGBjxFoHCIdllJN-jj0tAZd7&index=19&t=0s;2020-01-17; x18 
 x18 | Santi AlverÃº â€“ Emprendedor, nominado a un Goya, cÃ³mico, crÃ­tico de cineâ€¦ ğŸ­ âœï¸;2020-03-17;779;23;4;https://www.youtube.com/watch?v=5_LcnHOuG24&list=PLeZfGBk92nGBjxFoHCIdllJN-jj0tAZd7&index=19&t=0s;2020-01-17; x18 
 x18 | Santi AlverÃº â€“ Emprendedor, nominado a un Goya, cÃ³mico, crÃ­tico de cineâ€¦ ğŸ­ âœï¸;2020-03-20;779;23;4;https://www.youtube.com/watch?v=5_LcnHOuG24&list=PLeZfGBk92nGBjxFoHCIdllJN-jj0tAZd7&index=19&t=0s;2020-01-17; x18 
 x18 | Santi AlverÃº â€“ Emprendedor, nominado a un Goya, cÃ³mico, crÃ­tico de cineâ€¦ ğŸ­ âœï¸;2020-03-21;779;23;4;https://www.youtube.com/watch?v=5_LcnHOuG24&list=PLeZfGBk92nGBjxFoHCIdllJN-jj0tAZd7&index=19&t=0s;2020-01-17; x18 
 x18 | Santi AlverÃº â€“ Emprendedor, nominado a un Goya, cÃ³mico, crÃ­tico de cineâ€¦ ğŸ­ âœï¸;2020-03-23;780;23;4;https://www.youtube.com/watch?v=5_LcnHOuG24&list=PLeZfGBk92nGBjxFoHCIdllJN-jj0tAZd7&index=19&t=0s;2020-01-17; x18 
 x18 | Santi AlverÃº â€“ Emprendedor, nominado a un Goya, cÃ³mico, crÃ­tico de cineâ€¦ ğŸ­ âœï¸;2020-03-24;781;23;4;https://www.youtube.com/watch?v=5_LcnHOuG24&list=PLeZfGBk92nGBjxFoHCIdllJN-jj0tAZd7&index=19&t=0s;2020-01-17; x18 
 x18 | Santi AlverÃº â€“ Emprendedor, nominado a un Goya, cÃ³mico, crÃ­tico de cineâ€¦ ğŸ­ âœï¸;2020-03-28;782;23;4;https://www.youtube.com/watch?v=5_LcnHOuG24&list=PLeZfGBk92nGBjxFoHCIdllJN-jj0tAZd7&index=19&t=0s;2020-01-17; x18 
 x19 | Zapatillas Pompeii â€“ Emprender desde la universidad ğŸ‘ŸğŸš€;2020-03-15;657;14;3;https://www.youtube.com/watch?v=boD599EW23k&list=PLeZfGBk92nGBjxFoHCIdllJN-jj0tAZd7&index=20&t=0s;2020-01-24; x19 
 x19 | Zapatillas Pompeii â€“ Emprender desde la universidad ğŸ‘ŸğŸš€;2020-03-16;662;14;3;https://www.youtube.com/watch?v=boD599EW23k&list=PLeZfGBk92nGBjxFoHCIdllJN-jj0tAZd7&index=20&t=0s;2020-01-24; x19 
 x19 | Zapatillas Pompeii â€“ Emprender desde la universidad ğŸ‘ŸğŸš€;2020-03-17;664;15;3;https://www.youtube.com/watch?v=boD599EW23k&list=PLeZfGBk92nGBjxFoHCIdllJN-jj0tAZd7&index=20&t=0s;2020-01-24; x19 
 x19 | Zapatillas Pompeii â€“ Emprender desde la universidad ğŸ‘ŸğŸš€;2020-03-20;667;16;3;https://www.youtube.com/watch?v=boD599EW23k&list=PLeZfGBk92nGBjxFoHCIdllJN-jj0tAZd7&index=20&t=0s;2020-01-24; x19 
 x19 | Zapatillas Pompeii â€“ Emprender desde la universidad ğŸ‘ŸğŸš€;2020-03-21;670;16;3;https://www.youtube.com/watch?v=boD599EW23k&list=PLeZfGBk92nGBjxFoHCIdllJN-jj0tAZd7&index=20&t=0s;2020-01-24; x19 
 x19 | Zapatillas Pompeii â€“ Emprender desde la universidad ğŸ‘ŸğŸš€;2020-03-23;671;16;3;https://www.youtube.com/watch?v=boD599EW23k&list=PLeZfGBk92nGBjxFoHCIdllJN-jj0tAZd7&index=20&t=0s;2020-01-24; x19 
 x19 | Zapatillas Pompeii â€“ Emprender desde la universidad ğŸ‘ŸğŸš€;2020-03-24;675;16;3;https://www.youtube.com/watch?v=boD599EW23k&list=PLeZfGBk92nGBjxFoHCIdllJN-jj0tAZd7&index=20&t=0s;2020-01-24; x19 
 x19 | Zapatillas Pompeii â€“ Emprender desde la universidad ğŸ‘ŸğŸš€;2020-03-24;675;16;3;https://www.youtube.com/watch?v=boD599EW23k&list=PLeZfGBk92nGBjxFoHCIdllJN-jj0tAZd7&index=20&t=0s;2020-01-24; x19 
 x19 | Zapatillas Pompeii â€“ Emprender desde la universidad ğŸ‘ŸğŸš€;2020-03-24;675;16;3;https://www.youtube.com/watch?v=boD599EW23k&list=PLeZfGBk92nGBjxFoHCIdllJN-jj0tAZd7&index=20&t=0s;2020-01-24; x19 
 x19 | Zapatillas Pompeii â€“ Emprender desde la universidad ğŸ‘ŸğŸš€;2020-03-24;675;16;3;https://www.youtube.com/watch?v=boD599EW23k&list=PLeZfGBk92nGBjxFoHCIdllJN-jj0tAZd7&index=20&t=0s;2020-01-24; x19 
 x19 | Zapatillas Pompeii â€“ Emprender desde la universidad ğŸ‘ŸğŸš€;2020-03-28;680;16;3;https://www.youtube.com/watch?v=boD599EW23k&list=PLeZfGBk92nGBjxFoHCIdllJN-jj0tAZd7&index=20&t=0s;2020-01-24; x19 
 x20 | Grosso Napoletano â€“ La mejor pizza de EspaÃ±a ğŸ•;2020-03-15;916;17;2;https://www.youtube.com/watch?v=8GtauRj1xQw&list=PLeZfGBk92nGBjxFoHCIdllJN-jj0tAZd7&index=21&t=0s;2020-01-31; x20 
 x20 | Grosso Napoletano â€“ La mejor pizza de EspaÃ±a ğŸ•;2020-03-16;919;18;2;https://www.youtube.com/watch?v=8GtauRj1xQw&list=PLeZfGBk92nGBjxFoHCIdllJN-jj0tAZd7&index=21&t=0s;2020-01-31; x20 
 x20 | Grosso Napoletano â€“ La mejor pizza de EspaÃ±a ğŸ•;2020-03-17;923;18;2;https://www.youtube.com/watch?v=8GtauRj1xQw&list=PLeZfGBk92nGBjxFoHCIdllJN-jj0tAZd7&index=21&t=0s;2020-01-31; x20 
 x20 | Grosso Napoletano â€“ La mejor pizza de EspaÃ±a ğŸ•;2020-03-20;928;18;2;https://www.youtube.com/watch?v=8GtauRj1xQw&list=PLeZfGBk92nGBjxFoHCIdllJN-jj0tAZd7&index=21&t=0s;2020-01-31; x20 
 x20 | Grosso Napoletano â€“ La mejor pizza de EspaÃ±a ğŸ•;2020-03-21;930;18;2;https://www.youtube.com/watch?v=8GtauRj1xQw&list=PLeZfGBk92nGBjxFoHCIdllJN-jj0tAZd7&index=21&t=0s;2020-01-31; x20 
 x20 | Grosso Napoletano â€“ La mejor pizza de EspaÃ±a ğŸ•;2020-03-23;936;18;2;https://www.youtube.com/watch?v=8GtauRj1xQw&list=PLeZfGBk92nGBjxFoHCIdllJN-jj0tAZd7&index=21&t=0s;2020-01-31; x20 
 x20 | Grosso Napoletano â€“ La mejor pizza de EspaÃ±a ğŸ•;2020-03-24;941;18;2;https://www.youtube.com/watch?v=8GtauRj1xQw&list=PLeZfGBk92nGBjxFoHCIdllJN-jj0tAZd7&index=21&t=0s;2020-01-31; x20 
 x20 | Grosso Napoletano â€“ La mejor pizza de EspaÃ±a ğŸ•;2020-03-24;941;18;2;https://www.youtube.com/watch?v=8GtauRj1xQw&list=PLeZfGBk92nGBjxFoHCIdllJN-jj0tAZd7&index=21&t=0s;2020-01-31; x20 
 x20 | Grosso Napoletano â€“ La mejor pizza de EspaÃ±a ğŸ•;2020-03-24;941;18;2;https://www.youtube.com/watch?v=8GtauRj1xQw&list=PLeZfGBk92nGBjxFoHCIdllJN-jj0tAZd7&index=21&t=0s;2020-01-31; x20 
 x20 | Grosso Napoletano â€“ La mejor pizza de EspaÃ±a ğŸ•;2020-03-24;941;18;2;https://www.youtube.com/watch?v=8GtauRj1xQw&list=PLeZfGBk92nGBjxFoHCIdllJN-jj0tAZd7&index=21&t=0s;2020-01-31; x20 
 x20 | Grosso Napoletano â€“ La mejor pizza de EspaÃ±a ğŸ•;2020-03-28;953;18;2;https://www.youtube.com/watch?v=8GtauRj1xQw&list=PLeZfGBk92nGBjxFoHCIdllJN-jj0tAZd7&index=21&t=0s;2020-01-31; x20 
 x21 | Sergio FernÃ¡ndez â€“ Crecimiento personal para una vida plena ğŸ“ˆğŸ’ª;2020-03-15;697;20;4;https://www.youtube.com/watch?v=UDrBZdH4JFI&list=PLeZfGBk92nGBjxFoHCIdllJN-jj0tAZd7&index=22&t=0s;2020-02-07; x21 
 x21 | Sergio FernÃ¡ndez â€“ Crecimiento personal para una vida plena ğŸ“ˆğŸ’ª;2020-03-16;701;21;4;https://www.youtube.com/watch?v=UDrBZdH4JFI&list=PLeZfGBk92nGBjxFoHCIdllJN-jj0tAZd7&index=22&t=0s;2020-02-07; x21 
 x21 | Sergio FernÃ¡ndez â€“ Crecimiento personal para una vida plena ğŸ“ˆğŸ’ª;2020-03-17;703;21;4;https://www.youtube.com/watch?v=UDrBZdH4JFI&list=PLeZfGBk92nGBjxFoHCIdllJN-jj0tAZd7&index=22&t=0s;2020-02-07; x21 
 x21 | Sergio FernÃ¡ndez â€“ Crecimiento personal para una vida plena ğŸ“ˆğŸ’ª;2020-03-20;705;21;4;https://www.youtube.com/watch?v=UDrBZdH4JFI&list=PLeZfGBk92nGBjxFoHCIdllJN-jj0tAZd7&index=22&t=0s;2020-02-07; x21 
 x21 | Sergio FernÃ¡ndez â€“ Crecimiento personal para una vida plena ğŸ“ˆğŸ’ª;2020-03-21;707;21;4;https://www.youtube.com/watch?v=UDrBZdH4JFI&list=PLeZfGBk92nGBjxFoHCIdllJN-jj0tAZd7&index=22&t=0s;2020-02-07; x21 
 x21 | Sergio FernÃ¡ndez â€“ Crecimiento personal para una vida plena ğŸ“ˆğŸ’ª;2020-03-23;708;21;4;https://www.youtube.com/watch?v=UDrBZdH4JFI&list=PLeZfGBk92nGBjxFoHCIdllJN-jj0tAZd7&index=22&t=0s;2020-02-07; x21 
 x21 | Sergio FernÃ¡ndez â€“ Crecimiento personal para una vida plena ğŸ“ˆğŸ’ª;2020-03-24;709;21;4;https://www.youtube.com/watch?v=UDrBZdH4JFI&list=PLeZfGBk92nGBjxFoHCIdllJN-jj0tAZd7&index=22&t=0s;2020-02-07; x21 
 x21 | Sergio FernÃ¡ndez â€“ Crecimiento personal para una vida plena ğŸ“ˆğŸ’ª;2020-03-24;709;21;4;https://www.youtube.com/watch?v=UDrBZdH4JFI&list=PLeZfGBk92nGBjxFoHCIdllJN-jj0tAZd7&index=22&t=0s;2020-02-07; x21 
 x21 | Sergio FernÃ¡ndez â€“ Crecimiento personal para una vida plena ğŸ“ˆğŸ’ª;2020-03-24;709;21;4;https://www.youtube.com/watch?v=UDrBZdH4JFI&list=PLeZfGBk92nGBjxFoHCIdllJN-jj0tAZd7&index=22&t=0s;2020-02-07; x21 
 x21 | Sergio FernÃ¡ndez â€“ Crecimiento personal para una vida plena ğŸ“ˆğŸ’ª;2020-03-24;709;21;4;https://www.youtube.com/watch?v=UDrBZdH4JFI&list=PLeZfGBk92nGBjxFoHCIdllJN-jj0tAZd7&index=22&t=0s;2020-02-07; x21 
 x21 | Sergio FernÃ¡ndez â€“ Crecimiento personal para una vida plena ğŸ“ˆğŸ’ª;2020-03-28;712;22;4;https://www.youtube.com/watch?v=UDrBZdH4JFI&list=PLeZfGBk92nGBjxFoHCIdllJN-jj0tAZd7&index=22&t=0s;2020-02-07; x21 
 x22 | Adopta Un Abuelo â€“ Aprender de nuestros mayores ğŸ‘´ğŸ»ğŸ‘µ;2020-03-15;342;11;4;https://www.youtube.com/watch?v=z_Jy_kBFc9o&list=PLeZfGBk92nGBjxFoHCIdllJN-jj0tAZd7&index=23&t=0s;2020-02-14; x22 
 x22 | Adopta Un Abuelo â€“ Aprender de nuestros mayores ğŸ‘´ğŸ»ğŸ‘µ;2020-03-16;343;12;4;https://www.youtube.com/watch?v=z_Jy_kBFc9o&list=PLeZfGBk92nGBjxFoHCIdllJN-jj0tAZd7&index=23&t=0s;2020-02-14; x22 
 x22 | Adopta Un Abuelo â€“ Aprender de nuestros mayores ğŸ‘´ğŸ»ğŸ‘µ;2020-03-17;343;12;4;https://www.youtube.com/watch?v=z_Jy_kBFc9o&list=PLeZfGBk92nGBjxFoHCIdllJN-jj0tAZd7&index=23&t=0s;2020-02-14; x22 
 x22 | Adopta Un Abuelo â€“ Aprender de nuestros mayores ğŸ‘´ğŸ»ğŸ‘µ;2020-03-20;343;12;4;https://www.youtube.com/watch?v=z_Jy_kBFc9o&list=PLeZfGBk92nGBjxFoHCIdllJN-jj0tAZd7&index=23&t=0s;2020-02-14; x22 
 x22 | Adopta Un Abuelo â€“ Aprender de nuestros mayores ğŸ‘´ğŸ»ğŸ‘µ;2020-03-21;343;12;4;https://www.youtube.com/watch?v=z_Jy_kBFc9o&list=PLeZfGBk92nGBjxFoHCIdllJN-jj0tAZd7&index=23&t=0s;2020-02-14; x22 
 x22 | Adopta Un Abuelo â€“ Aprender de nuestros mayores ğŸ‘´ğŸ»ğŸ‘µ;2020-03-23;343;12;4;https://www.youtube.com/watch?v=z_Jy_kBFc9o&list=PLeZfGBk92nGBjxFoHCIdllJN-jj0tAZd7&index=23&t=0s;2020-02-14; x22 
 x22 | Adopta Un Abuelo â€“ Aprender de nuestros mayores ğŸ‘´ğŸ»ğŸ‘µ;2020-03-24;343;12;4;https://www.youtube.com/watch?v=z_Jy_kBFc9o&list=PLeZfGBk92nGBjxFoHCIdllJN-jj0tAZd7&index=23&t=0s;2020-02-14; x22 
 x22 | Adopta Un Abuelo â€“ Aprender de nuestros mayores ğŸ‘´ğŸ»ğŸ‘µ;2020-03-24;343;12;4;https://www.youtube.com/watch?v=z_Jy_kBFc9o&list=PLeZfGBk92nGBjxFoHCIdllJN-jj0tAZd7&index=23&t=0s;2020-02-14; x22 
 x22 | Adopta Un Abuelo â€“ Aprender de nuestros mayores ğŸ‘´ğŸ»ğŸ‘µ;2020-03-24;343;12;4;https://www.youtube.com/watch?v=z_Jy_kBFc9o&list=PLeZfGBk92nGBjxFoHCIdllJN-jj0tAZd7&index=23&t=0s;2020-02-14; x22 
 x22 | Adopta Un Abuelo â€“ Aprender de nuestros mayores ğŸ‘´ğŸ»ğŸ‘µ;2020-03-24;343;12;4;https://www.youtube.com/watch?v=z_Jy_kBFc9o&list=PLeZfGBk92nGBjxFoHCIdllJN-jj0tAZd7&index=23&t=0s;2020-02-14; x22 
 x22 | Adopta Un Abuelo â€“ Aprender de nuestros mayores ğŸ‘´ğŸ»ğŸ‘µ;2020-03-28;343;12;4;https://www.youtube.com/watch?v=z_Jy_kBFc9o&list=PLeZfGBk92nGBjxFoHCIdllJN-jj0tAZd7&index=23&t=0s;2020-02-14; x22 
 x23 | Cristina Ferrer - De fisioterapia a batch cooking ğŸ‘©â€ğŸ³ğŸ¥£;2020-03-15;481;9;2;https://www.youtube.com/watch?v=t1qfqL8d1-c&list=PLeZfGBk92nGBjxFoHCIdllJN-jj0tAZd7&index=24&t=0s;2020-02-21; x23 
 x23 | Cristina Ferrer - De fisioterapia a batch cooking ğŸ‘©â€ğŸ³ğŸ¥£;2020-03-16;483;10;2;https://www.youtube.com/watch?v=t1qfqL8d1-c&list=PLeZfGBk92nGBjxFoHCIdllJN-jj0tAZd7&index=24&t=0s;2020-02-21; x23 
 x23 | Cristina Ferrer - De fisioterapia a batch cooking ğŸ‘©â€ğŸ³ğŸ¥£;2020-03-17;485;10;2;https://www.youtube.com/watch?v=t1qfqL8d1-c&list=PLeZfGBk92nGBjxFoHCIdllJN-jj0tAZd7&index=24&t=0s;2020-02-21; x23 
 x23 | Cristina Ferrer - De fisioterapia a batch cooking ğŸ‘©â€ğŸ³ğŸ¥£;2020-03-20;485;10;2;https://www.youtube.com/watch?v=t1qfqL8d1-c&list=PLeZfGBk92nGBjxFoHCIdllJN-jj0tAZd7&index=24&t=0s;2020-02-21; x23 
 x23 | Cristina Ferrer - De fisioterapia a batch cooking ğŸ‘©â€ğŸ³ğŸ¥£;2020-03-21;485;10;2;https://www.youtube.com/watch?v=t1qfqL8d1-c&list=PLeZfGBk92nGBjxFoHCIdllJN-jj0tAZd7&index=24&t=0s;2020-02-21; x23 
 x23 | Cristina Ferrer - De fisioterapia a batch cooking ğŸ‘©â€ğŸ³ğŸ¥£;2020-03-23;487;10;2;https://www.youtube.com/watch?v=t1qfqL8d1-c&list=PLeZfGBk92nGBjxFoHCIdllJN-jj0tAZd7&index=24&t=0s;2020-02-21; x23 
 x23 | Cristina Ferrer - De fisioterapia a batch cooking ğŸ‘©â€ğŸ³ğŸ¥£;2020-03-24;488;10;2;https://www.youtube.com/watch?v=t1qfqL8d1-c&list=PLeZfGBk92nGBjxFoHCIdllJN-jj0tAZd7&index=24&t=0s;2020-02-21; x23 
 x23 | Cristina Ferrer - De fisioterapia a batch cooking ğŸ‘©â€ğŸ³ğŸ¥£;2020-03-24;488;10;2;https://www.youtube.com/watch?v=t1qfqL8d1-c&list=PLeZfGBk92nGBjxFoHCIdllJN-jj0tAZd7&index=24&t=0s;2020-02-21; x23 
 x23 | Cristina Ferrer - De fisioterapia a batch cooking ğŸ‘©â€ğŸ³ğŸ¥£;2020-03-24;488;10;2;https://www.youtube.com/watch?v=t1qfqL8d1-c&list=PLeZfGBk92nGBjxFoHCIdllJN-jj0tAZd7&index=24&t=0s;2020-02-21; x23 
 x23 | Cristina Ferrer - De fisioterapia a batch cooking ğŸ‘©â€ğŸ³ğŸ¥£;2020-03-24;488;10;2;https://www.youtube.com/watch?v=t1qfqL8d1-c&list=PLeZfGBk92nGBjxFoHCIdllJN-jj0tAZd7&index=24&t=0s;2020-02-21; x23 
 x23 | Cristina Ferrer - De fisioterapia a batch cooking ğŸ‘©â€ğŸ³ğŸ¥£;2020-03-28;490;10;2;https://www.youtube.com/watch?v=t1qfqL8d1-c&list=PLeZfGBk92nGBjxFoHCIdllJN-jj0tAZd7&index=24&t=0s;2020-02-21; x23 
â€Œ â€Œx24 â€Œ|â€Œ Producir el vÃ­deo de Tusa de Karol G. - Cris Trenas e Isa Delclaux ğŸ¶ğŸ¬;2020-03-15;450;11;4;https://www.youtube.com/watch?v=2lsMK0u53BE&list=PLeZfGBk92nGBjxFoHCIdllJN-jj0tAZd7&index=25&t=0s;2020-02-29;â€Œ â€Œx24 â€Œ
â€Œ â€Œx24 â€Œ|â€Œ Producir el vÃ­deo de Tusa de Karol G. - Cris Trenas e Isa Delclaux ğŸ¶ğŸ¬;2020-03-16;452;12;4;https://www.youtube.com/watch?v=2lsMK0u53BE&list=PLeZfGBk92nGBjxFoHCIdllJN-jj0tAZd7&index=25&t=0s;2020-02-29;â€Œ â€Œx24 â€Œ
â€Œ â€Œx24 â€Œ|â€Œ Producir el vÃ­deo de Tusa de Karol G. - Cris Trenas e Isa Delclaux ğŸ¶ğŸ¬;2020-03-17;457;12;4;https://www.youtube.com/watch?v=2lsMK0u53BE&list=PLeZfGBk92nGBjxFoHCIdllJN-jj0tAZd7&index=25&t=0s;2020-02-29;â€Œ â€Œx24 â€Œ
â€Œ â€Œx24 â€Œ|â€Œ Producir el vÃ­deo de Tusa de Karol G. - Cris Trenas e Isa Delclaux ğŸ¶ğŸ¬;2020-03-20;458;12;4;https://www.youtube.com/watch?v=2lsMK0u53BE&list=PLeZfGBk92nGBjxFoHCIdllJN-jj0tAZd7&index=25&t=0s;2020-02-29;â€Œ â€Œx24 â€Œ
â€Œ â€Œx24 â€Œ|â€Œ Producir el vÃ­deo de Tusa de Karol G. - Cris Trenas e Isa Delclaux ğŸ¶ğŸ¬;2020-03-21;459;12;4;https://www.youtube.com/watch?v=2lsMK0u53BE&list=PLeZfGBk92nGBjxFoHCIdllJN-jj0tAZd7&index=25&t=0s;2020-02-29;â€Œ â€Œx24 â€Œ
â€Œ â€Œx24 â€Œ|â€Œ Producir el vÃ­deo de Tusa de Karol G. - Cris Trenas e Isa Delclaux ğŸ¶ğŸ¬;2020-03-23;463;12;4;https://www.youtube.com/watch?v=2lsMK0u53BE&list=PLeZfGBk92nGBjxFoHCIdllJN-jj0tAZd7&index=25&t=0s;2020-02-29;â€Œ â€Œx24 â€Œ
â€Œ â€Œx24 â€Œ|â€Œ Producir el vÃ­deo de Tusa de Karol G. - Cris Trenas e Isa Delclaux ğŸ¶ğŸ¬;2020-03-24;462;12;4;https://www.youtube.com/watch?v=2lsMK0u53BE&list=PLeZfGBk92nGBjxFoHCIdllJN-jj0tAZd7&index=25&t=0s;2020-02-29;â€Œ â€Œx24 â€Œ
â€Œ â€Œx24 â€Œ|â€Œ Producir el vÃ­deo de Tusa de Karol G. - Cris Trenas e Isa Delclaux ğŸ¶ğŸ¬;2020-03-24;462;12;4;https://www.youtube.com/watch?v=2lsMK0u53BE&list=PLeZfGBk92nGBjxFoHCIdllJN-jj0tAZd7&index=25&t=0s;2020-02-29;â€Œ â€Œx24 â€Œ
â€Œ â€Œx24 â€Œ|â€Œ Producir el vÃ­deo de Tusa de Karol G. - Cris Trenas e Isa Delclaux ğŸ¶ğŸ¬;2020-03-24;462;12;4;https://www.youtube.com/watch?v=2lsMK0u53BE&list=PLeZfGBk92nGBjxFoHCIdllJN-jj0tAZd7&index=25&t=0s;2020-02-29;â€Œ â€Œx24 â€Œ
â€Œ â€Œx24 â€Œ|â€Œ Producir el vÃ­deo de Tusa de Karol G. - Cris Trenas e Isa Delclaux ğŸ¶ğŸ¬;2020-03-24;462;12;4;https://www.youtube.com/watch?v=2lsMK0u53BE&list=PLeZfGBk92nGBjxFoHCIdllJN-jj0tAZd7&index=25&t=0s;2020-02-29;â€Œ â€Œx24 â€Œ
â€Œ â€Œx24 â€Œ|â€Œ Producir el vÃ­deo de Tusa de Karol G. - Cris Trenas e Isa Delclaux ğŸ¶ğŸ¬;2020-03-28;467;12;4;https://www.youtube.com/watch?v=2lsMK0u53BE&list=PLeZfGBk92nGBjxFoHCIdllJN-jj0tAZd7&index=25&t=0s;2020-02-29;â€Œ â€Œx24 â€Œ
â€Œ â€Œx25 â€Œ|â€Œ Diplomatic Brand y cÃ³mo reconocer zapatos de calidad ğŸ‘ğŸ•µï¸â€â™‚ï¸;2020-03-15;427;14;3;https://www.youtube.com/watch?v=E1bF73cbqsE&list=PLeZfGBk92nGBjxFoHCIdllJN-jj0tAZd7&index=26&t=0s;2020-03-06;â€Œ â€Œx25 â€Œ
â€Œ â€Œx25 â€Œ|â€Œ Diplomatic Brand y cÃ³mo reconocer zapatos de calidad ğŸ‘ğŸ•µï¸â€â™‚ï¸;2020-03-16;432;15;3;https://www.youtube.com/watch?v=E1bF73cbqsE&list=PLeZfGBk92nGBjxFoHCIdllJN-jj0tAZd7&index=26&t=0s;2020-03-06;â€Œ â€Œx25 â€Œ
â€Œ â€Œx25 â€Œ|â€Œ Diplomatic Brand y cÃ³mo reconocer zapatos de calidad ğŸ‘ğŸ•µï¸â€â™‚ï¸;2020-03-17;438;15;3;https://www.youtube.com/watch?v=E1bF73cbqsE&list=PLeZfGBk92nGBjxFoHCIdllJN-jj0tAZd7&index=26&t=0s;2020-03-06;â€Œ â€Œx25 â€Œ
â€Œ â€Œx25 â€Œ|â€Œ Diplomatic Brand y cÃ³mo reconocer zapatos de calidad ğŸ‘ğŸ•µï¸â€â™‚ï¸;2020-03-20;450;15;3;https://www.youtube.com/watch?v=E1bF73cbqsE&list=PLeZfGBk92nGBjxFoHCIdllJN-jj0tAZd7&index=26&t=0s;2020-03-06;â€Œ â€Œx25 â€Œ
â€Œ â€Œx25 â€Œ|â€Œ Diplomatic Brand y cÃ³mo reconocer zapatos de calidad ğŸ‘ğŸ•µï¸â€â™‚ï¸;2020-03-21;457;15;3;https://www.youtube.com/watch?v=E1bF73cbqsE&list=PLeZfGBk92nGBjxFoHCIdllJN-jj0tAZd7&index=26&t=0s;2020-03-06;â€Œ â€Œx25 â€Œ
â€Œ â€Œx25 â€Œ|â€Œ Diplomatic Brand y cÃ³mo reconocer zapatos de calidad ğŸ‘ğŸ•µï¸â€â™‚ï¸;2020-03-23;465;15;3;https://www.youtube.com/watch?v=E1bF73cbqsE&list=PLeZfGBk92nGBjxFoHCIdllJN-jj0tAZd7&index=26&t=0s;2020-03-06;â€Œ â€Œx25 â€Œ
â€Œ â€Œx25 â€Œ|â€Œ Diplomatic Brand y cÃ³mo reconocer zapatos de calidad ğŸ‘ğŸ•µï¸â€â™‚ï¸;2020-03-24;466;15;3;https://www.youtube.com/watch?v=E1bF73cbqsE&list=PLeZfGBk92nGBjxFoHCIdllJN-jj0tAZd7&index=26&t=0s;2020-03-06;â€Œ â€Œx25 â€Œ
â€Œ â€Œx25 â€Œ|â€Œ Diplomatic Brand y cÃ³mo reconocer zapatos de calidad ğŸ‘ğŸ•µï¸â€â™‚ï¸;2020-03-24;466;15;3;https://www.youtube.com/watch?v=E1bF73cbqsE&list=PLeZfGBk92nGBjxFoHCIdllJN-jj0tAZd7&index=26&t=0s;2020-03-06;â€Œ â€Œx25 â€Œ
â€Œ â€Œx25 â€Œ|â€Œ Diplomatic Brand y cÃ³mo reconocer zapatos de calidad ğŸ‘ğŸ•µï¸â€â™‚ï¸;2020-03-24;466;15;3;https://www.youtube.com/watch?v=E1bF73cbqsE&list=PLeZfGBk92nGBjxFoHCIdllJN-jj0tAZd7&index=26&t=0s;2020-03-06;â€Œ â€Œx25 â€Œ
â€Œ â€Œx25 â€Œ|â€Œ Diplomatic Brand y cÃ³mo reconocer zapatos de calidad ğŸ‘ğŸ•µï¸â€â™‚ï¸;2020-03-24;466;15;3;https://www.youtube.com/watch?v=E1bF73cbqsE&list=PLeZfGBk92nGBjxFoHCIdllJN-jj0tAZd7&index=26&t=0s;2020-03-06;â€Œ â€Œx25 â€Œ
â€Œ â€Œx25 â€Œ|â€Œ Diplomatic Brand y cÃ³mo reconocer zapatos de calidad ğŸ‘ğŸ•µï¸â€â™‚ï¸;2020-03-28;472;15;3;https://www.youtube.com/watch?v=E1bF73cbqsE&list=PLeZfGBk92nGBjxFoHCIdllJN-jj0tAZd7&index=26&t=0s;2020-03-06;â€Œ â€Œx25 â€Œ
â€Œ â€Œx26 â€Œ|â€Œ Onroad o cÃ³mo sacarte el carnet de conducir online ğŸš— ğŸ“š;2020-03-15;225;4;3;https://www.youtube.com/watch?v=KshqRasD0yE&list=PLeZfGBk92nGBjxFoHCIdllJN-jj0tAZd7&index=27&t=0s;2020-03-13;â€Œ â€Œx26 â€Œ
â€Œ â€Œx26 â€Œ|â€Œ Onroad o cÃ³mo sacarte el carnet de conducir online ğŸš— ğŸ“š;2020-03-16;253;5;3;https://www.youtube.com/watch?v=KshqRasD0yE&list=PLeZfGBk92nGBjxFoHCIdllJN-jj0tAZd7&index=27&t=0s;2020-03-13;â€Œ â€Œx26 â€Œ
â€Œ â€Œx26 â€Œ|â€Œ Onroad o cÃ³mo sacarte el carnet de conducir online ğŸš— ğŸ“š;2020-03-17;277;6;3;https://www.youtube.com/watch?v=KshqRasD0yE&list=PLeZfGBk92nGBjxFoHCIdllJN-jj0tAZd7&index=27&t=0s;2020-03-13;â€Œ â€Œx26 â€Œ
â€Œ â€Œx26 â€Œ|â€Œ Onroad o cÃ³mo sacarte el carnet de conducir online ğŸš— ğŸ“š;2020-03-20;306;6;3;https://www.youtube.com/watch?v=KshqRasD0yE&list=PLeZfGBk92nGBjxFoHCIdllJN-jj0tAZd7&index=27&t=0s;2020-03-13;â€Œ â€Œx26 â€Œ
â€Œ â€Œx26 â€Œ|â€Œ Onroad o cÃ³mo sacarte el carnet de conducir online ğŸš— ğŸ“š;2020-03-21;310;6;3;https://www.youtube.com/watch?v=KshqRasD0yE&list=PLeZfGBk92nGBjxFoHCIdllJN-jj0tAZd7&index=27&t=0s;2020-03-13;â€Œ â€Œx26 â€Œ
â€Œ â€Œx26 â€Œ|â€Œ Onroad o cÃ³mo sacarte el carnet de conducir online ğŸš— ğŸ“š;2020-03-23;317;6;3;https://www.youtube.com/watch?v=KshqRasD0yE&list=PLeZfGBk92nGBjxFoHCIdllJN-jj0tAZd7&index=27&t=0s;2020-03-13;â€Œ â€Œx26 â€Œ
â€Œ â€Œx26 â€Œ|â€Œ Onroad o cÃ³mo sacarte el carnet de conducir online ğŸš— ğŸ“š;2020-03-24;321;6;3;https://www.youtube.com/watch?v=KshqRasD0yE&list=PLeZfGBk92nGBjxFoHCIdllJN-jj0tAZd7&index=27&t=0s;2020-03-13;â€Œ â€Œx26 â€Œ
â€Œ â€Œx26 â€Œ|â€Œ Onroad o cÃ³mo sacarte el carnet de conducir online ğŸš— ğŸ“š;2020-03-28;328;6;3;https://www.youtube.com/watch?v=KshqRasD0yE&list=PLeZfGBk92nGBjxFoHCIdllJN-jj0tAZd7&index=27&t=0s;2020-03-13;â€Œ â€Œx26 â€Œ
â€Œ x27 â€Œ|â€Œ Enfermera infectada por coronavirus: â€œEstamos peor que en una guerraâ€¦ â€;2020-03-20;1211;48;4;https://www.youtube.com/watch?v=PfHweKXLa40&list=PLeZfGBk92nGBjxFoHCIdllJN-jj0tAZd7&index=28&t=0s;2020-03-20;â€Œ x27 â€Œ
â€Œ x27 â€Œ|â€Œ Enfermera infectada por coronavirus: â€œEstamos peor que en una guerraâ€¦ â€;2020-03-21;4309;108;7;https://www.youtube.com/watch?v=PfHweKXLa40&list=PLeZfGBk92nGBjxFoHCIdllJN-jj0tAZd7&index=28&t=0s;2020-03-20;â€Œ x27 â€Œ
â€Œ x27 â€Œ|â€Œ Enfermera infectada por coronavirus: â€œEstamos peor que en una guerraâ€¦ â€;2020-03-23;5810;119;6;https://www.youtube.com/watch?v=PfHweKXLa40&list=PLeZfGBk92nGBjxFoHCIdllJN-jj0tAZd7&index=28&t=0s;2020-03-20;â€Œ x27 â€Œ
â€Œ x27 â€Œ|â€Œ Enfermera infectada por coronavirus: â€œEstamos peor que en una guerraâ€¦ â€;2020-03-24;6123;122;7;https://www.youtube.com/watch?v=PfHweKXLa40&list=PLeZfGBk92nGBjxFoHCIdllJN-jj0tAZd7&index=28&t=0s;2020-03-20;â€Œ x27 â€Œ
â€Œ x27 â€Œ|â€Œ Enfermera infectada por coronavirus: â€œEstamos peor que en una guerraâ€¦ â€;2020-03-24;6123;122;7;https://www.youtube.com/watch?v=PfHweKXLa40&list=PLeZfGBk92nGBjxFoHCIdllJN-jj0tAZd7&index=28&t=0s;2020-03-20;â€Œ x27 â€Œ
â€Œ x27 â€Œ|â€Œ Enfermera infectada por coronavirus: â€œEstamos peor que en una guerraâ€¦ â€;2020-03-24;6123;122;7;https://www.youtube.com/watch?v=PfHweKXLa40&list=PLeZfGBk92nGBjxFoHCIdllJN-jj0tAZd7&index=28&t=0s;2020-03-20;â€Œ x27 â€Œ
â€Œ x27 â€Œ|â€Œ Enfermera infectada por coronavirus: â€œEstamos peor que en una guerraâ€¦ â€;2020-03-24;6123;122;7;https://www.youtube.com/watch?v=PfHweKXLa40&list=PLeZfGBk92nGBjxFoHCIdllJN-jj0tAZd7&index=28&t=0s;2020-03-20;â€Œ x27 â€Œ
â€Œ x27 â€Œ|â€Œ Enfermera infectada por coronavirus: â€œEstamos peor que en una guerraâ€¦ â€;2020-03-28;6751;125;8;https://www.youtube.com/watch?v=PfHweKXLa40&list=PLeZfGBk92nGBjxFoHCIdllJN-jj0tAZd7&index=28&t=0s;2020-03-20;â€Œ x27 â€Œ
â€Œ x28 â€Œ|â€Œ El movimiento Food4Heroes - Restaurantes se unen contra el coronavirus;2020-03-23;278;8;1;https://www.youtube.com/watch?v=Vbcsg3BLi4U&list=PLeZfGBk92nGBjxFoHCIdllJN-jj0tAZd7&index=29&t=0s;2020-03-21;â€Œ x28 â€Œ
â€Œ x28 â€Œ|â€Œ El movimiento Food4Heroes - Restaurantes se unen contra el coronavirus;2020-03-24;309;8;3;https://www.youtube.com/watch?v=Vbcsg3BLi4U&list=PLeZfGBk92nGBjxFoHCIdllJN-jj0tAZd7&index=29&t=0s;2020-03-21;â€Œ x28 â€Œ
â€Œ x28 â€Œ|â€Œ El movimiento Food4Heroes - Restaurantes se unen contra el coronavirus;2020-03-24;309;8;3;https://www.youtube.com/watch?v=Vbcsg3BLi4U&list=PLeZfGBk92nGBjxFoHCIdllJN-jj0tAZd7&index=29&t=0s;2020-03-21;â€Œ x28 â€Œ
â€Œ x28 â€Œ|â€Œ El movimiento Food4Heroes - Restaurantes se unen contra el coronavirus;2020-03-24;309;8;3;https://www.youtube.com/watch?v=Vbcsg3BLi4U&list=PLeZfGBk92nGBjxFoHCIdllJN-jj0tAZd7&index=29&t=0s;2020-03-21;â€Œ x28 â€Œ
â€Œ x28 â€Œ|â€Œ El movimiento Food4Heroes - Restaurantes se unen contra el coronavirus;2020-03-24;309;8;3;https://www.youtube.com/watch?v=Vbcsg3BLi4U&list=PLeZfGBk92nGBjxFoHCIdllJN-jj0tAZd7&index=29&t=0s;2020-03-21;â€Œ x28 â€Œ
â€Œ x28 â€Œ|â€Œ El movimiento Food4Heroes - Restaurantes se unen contra el coronavirus;2020-03-28;320;8;3;https://www.youtube.com/watch?v=Vbcsg3BLi4U&list=PLeZfGBk92nGBjxFoHCIdllJN-jj0tAZd7&index=29&t=0s;2020-03-21;â€Œ x28 â€Œ
